"Story","Title","Result","Date","Stability","Duration (s)"
"Verifique las funcionalidades de la página advantage shopping","registro de usuario","SUCCESS","2022-08-01T16:21:24.165-05:00[America/Bogota]","0.0","43.95"
"Verifique las funcionalidades de la página advantage shopping","Iniciar sesion","SUCCESS","2022-08-01T16:22:08.864-05:00[America/Bogota]","0.0","17.03"
"Verifique las funcionalidades de la página advantage shopping","Diligenciar formulario de contacto","SUCCESS","2022-08-01T16:22:26.551-05:00[America/Bogota]","0.0","13.93"
"Verifique las funcionalidades de la página advantage shopping","Registrarse para realizar una compra con mas de un producto","SUCCESS","2022-08-01T16:22:41.105-05:00[America/Bogota]","0.0","74.38"
