{"name":"registro de usuario","id":"verifique-las-funcionalidades-de-la-página-advantage-shopping;registro-de-usuario","testSteps":[{"number":1,"description":"Dado \"brandon\" necesita ingresar a la pagina advantage shopping para registrarse","duration":15927,"startTime":"2022-08-01T16:21:24.281-05:00[America/Bogota]","screenshots":[{"screenshot":"59b15bb262d4cfd355722dfcf3b39b9d24b10458fe5e9377b0920e6b520659b6.png","timeStamp":1659388900207,"screenshotName":"59b15bb262d4cfd355722dfcf3b39b9d24b10458fe5e9377b0920e6b520659b6.png"}],"result":"SUCCESS","precondition":false,"level":0,"children":[{"number":2,"description":"Brandon iniciar","duration":15623,"startTime":"2022-08-01T16:21:24.564-05:00[America/Bogota]","screenshots":[{"screenshot":"59b15bb262d4cfd355722dfcf3b39b9d24b10458fe5e9377b0920e6b520659b6.png","timeStamp":1659388900187,"screenshotName":"59b15bb262d4cfd355722dfcf3b39b9d24b10458fe5e9377b0920e6b520659b6.png"}],"result":"SUCCESS","precondition":false,"level":1,"children":[{"number":3,"description":"brandon opens the Pagina advantage online shopping","duration":4841,"startTime":"2022-08-01T16:21:24.677-05:00[America/Bogota]","result":"SUCCESS","precondition":false,"level":2},{"number":4,"description":"Brandon wait until angular is ready","duration":37,"startTime":"2022-08-01T16:21:29.523-05:00[America/Bogota]","result":"SUCCESS","precondition":false,"level":2}]}]},{"number":5,"description":"Cuando el ingresa la informacion necesaria para crear el registro","duration":6054,"startTime":"2022-08-01T16:21:40.209-05:00[America/Bogota]","screenshots":[{"screenshot":"ae87826cc1e705f4c85d7e2acfd4d73a07e4bde693300e9460abe28c767d3e7a.png","timeStamp":1659388906263,"screenshotName":"ae87826cc1e705f4c85d7e2acfd4d73a07e4bde693300e9460abe28c767d3e7a.png"}],"result":"SUCCESS","precondition":false,"level":0,"children":[{"number":6,"description":"Brandon crear","duration":6020,"startTime":"2022-08-01T16:21:40.228-05:00[America/Bogota]","screenshots":[{"screenshot":"ae87826cc1e705f4c85d7e2acfd4d73a07e4bde693300e9460abe28c767d3e7a.png","timeStamp":1659388906248,"screenshotName":"ae87826cc1e705f4c85d7e2acfd4d73a07e4bde693300e9460abe28c767d3e7a.png"}],"result":"SUCCESS","precondition":false,"level":1,"children":[{"number":7,"description":"Brandon llenar","duration":5382,"startTime":"2022-08-01T16:21:40.853-05:00[America/Bogota]","result":"SUCCESS","precondition":false,"level":2,"children":[{"number":8,"description":"brandon clicks on menu user","duration":1416,"startTime":"2022-08-01T16:21:40.896-05:00[America/Bogota]","screenshots":[{"screenshot":"23feea6c821f037c7f3c57e401f0c80db59376921f894a35d8bdf1d2c66caecd.png","timeStamp":1659388902312,"screenshotName":"23feea6c821f037c7f3c57e401f0c80db59376921f894a35d8bdf1d2c66caecd.png"}],"result":"SUCCESS","precondition":false,"level":3},{"number":9,"description":"brandon clicks on CREATE NEW ACCOUNT","duration":1110,"startTime":"2022-08-01T16:21:42.395-05:00[America/Bogota]","screenshots":[{"screenshot":"0b50b8621e4d621bfde2a9d6840367991218e7e2e8a55e1101b9de81d71ab055.png","timeStamp":1659388902829,"screenshotName":"0b50b8621e4d621bfde2a9d6840367991218e7e2e8a55e1101b9de81d71ab055.png"},{"screenshot":"00c561262307098b8ffdd6aefe19d283373dd274476c6747f5ba76ea06ba8fcb.png","timeStamp":1659388903505,"screenshotName":"00c561262307098b8ffdd6aefe19d283373dd274476c6747f5ba76ea06ba8fcb.png"}],"result":"SUCCESS","precondition":false,"level":3},{"number":10,"description":"brandon enters \u0027Brenda14\u0027 into user name","duration":458,"startTime":"2022-08-01T16:21:43.586-05:00[America/Bogota]","screenshots":[{"screenshot":"3e3eae9fad780157f8f2b1be42184cad0af569b03d6ffc8f9b5afb622d0057f3.png","timeStamp":1659388903745,"screenshotName":"3e3eae9fad780157f8f2b1be42184cad0af569b03d6ffc8f9b5afb622d0057f3.png"},{"screenshot":"9cfa2d8140f828cc015e1615f67f2d61130a0ab4b612770895c8c7ab86cf740a.png","timeStamp":1659388904044,"screenshotName":"9cfa2d8140f828cc015e1615f67f2d61130a0ab4b612770895c8c7ab86cf740a.png"}],"result":"SUCCESS","precondition":false,"level":3},{"number":11,"description":"brandon enters \u0027funezneyer@gmail.com\u0027 into Email","duration":354,"startTime":"2022-08-01T16:21:44.046-05:00[America/Bogota]","screenshots":[{"screenshot":"9cfa2d8140f828cc015e1615f67f2d61130a0ab4b612770895c8c7ab86cf740a.png","timeStamp":1659388904059,"screenshotName":"9cfa2d8140f828cc015e1615f67f2d61130a0ab4b612770895c8c7ab86cf740a.png"},{"screenshot":"be3818edbd71cd910ca04c484c309bf0fca17ab593b08b98f18300fbaba618f4.png","timeStamp":1659388904400,"screenshotName":"be3818edbd71cd910ca04c484c309bf0fca17ab593b08b98f18300fbaba618f4.png"}],"result":"SUCCESS","precondition":false,"level":3},{"number":12,"description":"brandon enters \u0027Bq12345\u0027 into PASSWORD","duration":340,"startTime":"2022-08-01T16:21:44.402-05:00[America/Bogota]","screenshots":[{"screenshot":"be3818edbd71cd910ca04c484c309bf0fca17ab593b08b98f18300fbaba618f4.png","timeStamp":1659388904414,"screenshotName":"be3818edbd71cd910ca04c484c309bf0fca17ab593b08b98f18300fbaba618f4.png"},{"screenshot":"c2916e0ab98a51e34cf844af8a844e718a83c0d71b37b155a6b9f5f0e6c59d4f.png","timeStamp":1659388904742,"screenshotName":"c2916e0ab98a51e34cf844af8a844e718a83c0d71b37b155a6b9f5f0e6c59d4f.png"}],"result":"SUCCESS","precondition":false,"level":3},{"number":13,"description":"brandon enters \u0027Bq12345\u0027 into CONFIRM PASSWORD","duration":516,"startTime":"2022-08-01T16:21:44.744-05:00[America/Bogota]","screenshots":[{"screenshot":"c2916e0ab98a51e34cf844af8a844e718a83c0d71b37b155a6b9f5f0e6c59d4f.png","timeStamp":1659388904758,"screenshotName":"c2916e0ab98a51e34cf844af8a844e718a83c0d71b37b155a6b9f5f0e6c59d4f.png"},{"screenshot":"24dcf5a7e234636edbeb22d612a26d773b30a211bf675458a5048aa095fcad90.png","timeStamp":1659388905260,"screenshotName":"24dcf5a7e234636edbeb22d612a26d773b30a211bf675458a5048aa095fcad90.png"}],"result":"SUCCESS","precondition":false,"level":3},{"number":14,"description":"brandon clicks on CHECK PRIVACITY","duration":682,"startTime":"2022-08-01T16:21:45.263-05:00[America/Bogota]","screenshots":[{"screenshot":"24dcf5a7e234636edbeb22d612a26d773b30a211bf675458a5048aa095fcad90.png","timeStamp":1659388905299,"screenshotName":"24dcf5a7e234636edbeb22d612a26d773b30a211bf675458a5048aa095fcad90.png"},{"screenshot":"25814954101b48495621f11779cb8db196e9b787ec960ad7b11dcc07728fc2ff.png","timeStamp":1659388905945,"screenshotName":"25814954101b48495621f11779cb8db196e9b787ec960ad7b11dcc07728fc2ff.png"}],"result":"SUCCESS","precondition":false,"level":3},{"number":15,"description":"brandon clicks on BUTTON REGISTER","duration":277,"startTime":"2022-08-01T16:21:45.947-05:00[America/Bogota]","screenshots":[{"screenshot":"25814954101b48495621f11779cb8db196e9b787ec960ad7b11dcc07728fc2ff.png","timeStamp":1659388905957,"screenshotName":"25814954101b48495621f11779cb8db196e9b787ec960ad7b11dcc07728fc2ff.png"},{"screenshot":"ae87826cc1e705f4c85d7e2acfd4d73a07e4bde693300e9460abe28c767d3e7a.png","timeStamp":1659388906224,"screenshotName":"ae87826cc1e705f4c85d7e2acfd4d73a07e4bde693300e9460abe28c767d3e7a.png"}],"result":"SUCCESS","precondition":false,"level":3}]}]}]},{"number":16,"description":"Entonces el verifica que te has registrado en el sistema","duration":21849,"startTime":"2022-08-01T16:21:46.264-05:00[America/Bogota]","screenshots":[{"screenshot":"ba8d0d0a32e9c1cddfd8cf68bca685fc0b8870c46b8f14fe25a4b38a6d38a72d.png","timeStamp":1659388928113,"screenshotName":"ba8d0d0a32e9c1cddfd8cf68bca685fc0b8870c46b8f14fe25a4b38a6d38a72d.png"}],"result":"SUCCESS","precondition":false,"level":0,"children":[{"number":17,"description":"Then usuario should be a value equal to \u0027Brenda14\u0027","duration":21593,"startTime":"2022-08-01T16:21:46.500-05:00[America/Bogota]","screenshots":[{"screenshot":"ba8d0d0a32e9c1cddfd8cf68bca685fc0b8870c46b8f14fe25a4b38a6d38a72d.png","timeStamp":1659388928093,"screenshotName":"ba8d0d0a32e9c1cddfd8cf68bca685fc0b8870c46b8f14fe25a4b38a6d38a72d.png"}],"result":"SUCCESS","precondition":false,"level":1}]}],"userStory":{"id":"verifique-las-funcionalidades-de-la-página-advantage-shopping","storyName":"Verifique las funcionalidades de la página advantage shopping","displayName":"Verifique las funcionalidades de la página advantage shopping","path":"advantage_online_shopping.feature","narrative":"  Yo como usuario funcional del sitio web advantage shopping\n  Quiero que se apliquen las acciones necesarias\n  Para gestionar las funcionalidades: registro de usuario,inicio de sesión de usuario, registro de formulario de contacto y adición de cualquier producto de la sección Speaker del portal.","type":"feature"},"featureTag":{"name":"Verifique las funcionalidades de la página advantage shopping","type":"feature","displayName":"Verifique las funcionalidades de la página advantage shopping"},"title":"registro de usuario","description":"","tags":[{"name":"e2e","type":"tag","displayName":"e2e"},{"name":"Verifique las funcionalidades de la página advantage shopping","type":"feature","displayName":"Verifique las funcionalidades de la página advantage shopping"},{"name":"CrearUsuario","type":"tag","displayName":"CrearUsuario"}],"startTime":"2022-08-01T16:21:24.165-05:00[America/Bogota]","duration":43951,"projectKey":"","sessionId":"7642790486e09b4548afa2eb4121057b","driver":"chrome:brandon","isManualTestingUpToDate":false,"manual":false,"testSource":"Cucumber","actors":[{"name":"brandon","can":["browse the web"]}],"result":"SUCCESS"}