{"name":"Registrarse para realizar una compra con mas de un producto","id":"verifique-las-funcionalidades-de-la-página-advantage-shopping;registrarse-para-realizar-una-compra-con-mas-de-un-producto","testSteps":[{"number":1,"description":"Dado que \"brandon\" necesita ingresar al sitio web advantage shopping","duration":10917,"startTime":"2022-08-01T16:22:41.125-05:00[America/Bogota]","screenshots":[{"screenshot":"590d241c78d3c61c63e6260af4f8fd58f3007da95e735f0eebb5bea385222e58.png","timeStamp":1659388972042,"screenshotName":"590d241c78d3c61c63e6260af4f8fd58f3007da95e735f0eebb5bea385222e58.png"}],"result":"SUCCESS","precondition":false,"level":0,"children":[{"number":2,"description":"Brandon iniciar","duration":10900,"startTime":"2022-08-01T16:22:41.127-05:00[America/Bogota]","screenshots":[{"screenshot":"590d241c78d3c61c63e6260af4f8fd58f3007da95e735f0eebb5bea385222e58.png","timeStamp":1659388972027,"screenshotName":"590d241c78d3c61c63e6260af4f8fd58f3007da95e735f0eebb5bea385222e58.png"}],"result":"SUCCESS","precondition":false,"level":1,"children":[{"number":3,"description":"brandon opens the Pagina advantage online shopping","duration":2237,"startTime":"2022-08-01T16:22:41.138-05:00[America/Bogota]","result":"SUCCESS","precondition":false,"level":2},{"number":4,"description":"Brandon wait until angular is ready","duration":16,"startTime":"2022-08-01T16:22:43.376-05:00[America/Bogota]","result":"SUCCESS","precondition":false,"level":2}]}]},{"number":5,"description":"Y se registra en el pagina web advantage shopping","duration":4863,"startTime":"2022-08-01T16:22:52.042-05:00[America/Bogota]","screenshots":[{"screenshot":"a22243fea8920943139f18e8dc149e7bb15f34d1df3e125fd99410971d3a95dc.png","timeStamp":1659388976905,"screenshotName":"a22243fea8920943139f18e8dc149e7bb15f34d1df3e125fd99410971d3a95dc.png"}],"result":"SUCCESS","precondition":false,"level":0,"children":[{"number":6,"description":"Brandon crear","duration":4835,"startTime":"2022-08-01T16:22:52.052-05:00[America/Bogota]","screenshots":[{"screenshot":"a22243fea8920943139f18e8dc149e7bb15f34d1df3e125fd99410971d3a95dc.png","timeStamp":1659388976887,"screenshotName":"a22243fea8920943139f18e8dc149e7bb15f34d1df3e125fd99410971d3a95dc.png"}],"result":"SUCCESS","precondition":false,"level":1,"children":[{"number":7,"description":"Brandon llenar","duration":4811,"startTime":"2022-08-01T16:22:52.062-05:00[America/Bogota]","result":"SUCCESS","precondition":false,"level":2,"children":[{"number":8,"description":"brandon clicks on menu user","duration":1379,"startTime":"2022-08-01T16:22:52.076-05:00[America/Bogota]","screenshots":[{"screenshot":"b8a4cd3e3eae3b77a3c3c64733066d6fc2d81f5b9b2b082ee797cf5fc6bd88e3.png","timeStamp":1659388973455,"screenshotName":"b8a4cd3e3eae3b77a3c3c64733066d6fc2d81f5b9b2b082ee797cf5fc6bd88e3.png"}],"result":"SUCCESS","precondition":false,"level":3},{"number":9,"description":"brandon clicks on CREATE NEW ACCOUNT","duration":1082,"startTime":"2022-08-01T16:22:53.535-05:00[America/Bogota]","screenshots":[{"screenshot":"0b50b8621e4d621bfde2a9d6840367991218e7e2e8a55e1101b9de81d71ab055.png","timeStamp":1659388973968,"screenshotName":"0b50b8621e4d621bfde2a9d6840367991218e7e2e8a55e1101b9de81d71ab055.png"},{"screenshot":"8d41725a5cd05a10e571293f7c7e0019230452f28871d6eea26b1cc4b51d40d0.png","timeStamp":1659388974617,"screenshotName":"8d41725a5cd05a10e571293f7c7e0019230452f28871d6eea26b1cc4b51d40d0.png"}],"result":"SUCCESS","precondition":false,"level":3},{"number":10,"description":"brandon enters \u0027Felipe65\u0027 into user name","duration":497,"startTime":"2022-08-01T16:22:54.701-05:00[America/Bogota]","screenshots":[{"screenshot":"0083e2c7335541abac6a619488c5b08b34f650b5411f6893ff48cea17a24cddc.png","timeStamp":1659388974915,"screenshotName":"0083e2c7335541abac6a619488c5b08b34f650b5411f6893ff48cea17a24cddc.png"},{"screenshot":"4c2c18ea562ff74111c6066da0d5567a9b19dcb0108a09c59c4ffd5923211d00.png","timeStamp":1659388975198,"screenshotName":"4c2c18ea562ff74111c6066da0d5567a9b19dcb0108a09c59c4ffd5923211d00.png"}],"result":"SUCCESS","precondition":false,"level":3},{"number":11,"description":"brandon enters \u0027funezneyer@gmail.com\u0027 into Email","duration":345,"startTime":"2022-08-01T16:22:55.200-05:00[America/Bogota]","screenshots":[{"screenshot":"4c2c18ea562ff74111c6066da0d5567a9b19dcb0108a09c59c4ffd5923211d00.png","timeStamp":1659388975214,"screenshotName":"4c2c18ea562ff74111c6066da0d5567a9b19dcb0108a09c59c4ffd5923211d00.png"},{"screenshot":"802d4c8d0f30e5159698f018e0d9084bcc7843d3d40d67c7bd1fbc9194c547f0.png","timeStamp":1659388975545,"screenshotName":"802d4c8d0f30e5159698f018e0d9084bcc7843d3d40d67c7bd1fbc9194c547f0.png"}],"result":"SUCCESS","precondition":false,"level":3},{"number":12,"description":"brandon enters \u0027Bq12345\u0027 into PASSWORD","duration":321,"startTime":"2022-08-01T16:22:55.547-05:00[America/Bogota]","screenshots":[{"screenshot":"802d4c8d0f30e5159698f018e0d9084bcc7843d3d40d67c7bd1fbc9194c547f0.png","timeStamp":1659388975563,"screenshotName":"802d4c8d0f30e5159698f018e0d9084bcc7843d3d40d67c7bd1fbc9194c547f0.png"},{"screenshot":"c3ab1c36763f9e1738ab652c3eb3d5e3c15c12c1f851deae8023a1615f9c51a4.png","timeStamp":1659388975868,"screenshotName":"c3ab1c36763f9e1738ab652c3eb3d5e3c15c12c1f851deae8023a1615f9c51a4.png"}],"result":"SUCCESS","precondition":false,"level":3},{"number":13,"description":"brandon enters \u0027Bq12345\u0027 into CONFIRM PASSWORD","duration":359,"startTime":"2022-08-01T16:22:55.869-05:00[America/Bogota]","screenshots":[{"screenshot":"c3ab1c36763f9e1738ab652c3eb3d5e3c15c12c1f851deae8023a1615f9c51a4.png","timeStamp":1659388975883,"screenshotName":"c3ab1c36763f9e1738ab652c3eb3d5e3c15c12c1f851deae8023a1615f9c51a4.png"},{"screenshot":"27e91102f85618078a46975fd19ca5129ace8aaf1b4d5cdd75fa902393df975a.png","timeStamp":1659388976228,"screenshotName":"27e91102f85618078a46975fd19ca5129ace8aaf1b4d5cdd75fa902393df975a.png"}],"result":"SUCCESS","precondition":false,"level":3},{"number":14,"description":"brandon clicks on CHECK PRIVACITY","duration":326,"startTime":"2022-08-01T16:22:56.229-05:00[America/Bogota]","screenshots":[{"screenshot":"27e91102f85618078a46975fd19ca5129ace8aaf1b4d5cdd75fa902393df975a.png","timeStamp":1659388976248,"screenshotName":"27e91102f85618078a46975fd19ca5129ace8aaf1b4d5cdd75fa902393df975a.png"},{"screenshot":"b22ee529d1eb7d894d022074d3e11809c86ebb8c888e7bf453f3ea451a531b28.png","timeStamp":1659388976555,"screenshotName":"b22ee529d1eb7d894d022074d3e11809c86ebb8c888e7bf453f3ea451a531b28.png"}],"result":"SUCCESS","precondition":false,"level":3},{"number":15,"description":"brandon clicks on BUTTON REGISTER","duration":306,"startTime":"2022-08-01T16:22:56.558-05:00[America/Bogota]","screenshots":[{"screenshot":"b22ee529d1eb7d894d022074d3e11809c86ebb8c888e7bf453f3ea451a531b28.png","timeStamp":1659388976573,"screenshotName":"b22ee529d1eb7d894d022074d3e11809c86ebb8c888e7bf453f3ea451a531b28.png"},{"screenshot":"a22243fea8920943139f18e8dc149e7bb15f34d1df3e125fd99410971d3a95dc.png","timeStamp":1659388976864,"screenshotName":"a22243fea8920943139f18e8dc149e7bb15f34d1df3e125fd99410971d3a95dc.png"}],"result":"SUCCESS","precondition":false,"level":3}]}]}]},{"number":16,"description":"Cuando el agrega al carrito articulos populares","duration":58342,"startTime":"2022-08-01T16:22:56.906-05:00[America/Bogota]","screenshots":[{"screenshot":"fedf50268b94454acbe2b552b8ac696832d35fd0d3a3fbcb10012116cc294381.png","timeStamp":1659388977028,"screenshotName":"fedf50268b94454acbe2b552b8ac696832d35fd0d3a3fbcb10012116cc294381.png"},{"screenshot":"9fb67302e27df7d744a490ab104be5a9d7e1f3d11df88f4e185d76592f7cd2d3.png","timeStamp":1659389035248,"screenshotName":"9fb67302e27df7d744a490ab104be5a9d7e1f3d11df88f4e185d76592f7cd2d3.png"}],"result":"SUCCESS","precondition":false,"level":0,"children":[{"number":17,"description":"Brandon agregar","duration":49929,"startTime":"2022-08-01T16:22:57.043-05:00[America/Bogota]","screenshots":[{"screenshot":"fedf50268b94454acbe2b552b8ac696832d35fd0d3a3fbcb10012116cc294381.png","timeStamp":1659388977053,"screenshotName":"fedf50268b94454acbe2b552b8ac696832d35fd0d3a3fbcb10012116cc294381.png"},{"screenshot":"e1c736df47ae1d95304265ce1d7f1aab92b6c46e3e89419eeb2758508cb1b4cc.png","timeStamp":1659389026972,"screenshotName":"e1c736df47ae1d95304265ce1d7f1aab92b6c46e3e89419eeb2758508cb1b4cc.png"}],"result":"SUCCESS","precondition":false,"level":1,"children":[{"number":18,"description":"brandon clicks on popular items","duration":1377,"startTime":"2022-08-01T16:23:03.733-05:00[America/Bogota]","screenshots":[{"screenshot":"a3877a83320fa89b8a57b2606d6a81afc782da7d5d528f4cf9b3850790033092.png","timeStamp":1659388984353,"screenshotName":"a3877a83320fa89b8a57b2606d6a81afc782da7d5d528f4cf9b3850790033092.png"},{"screenshot":"a69b10c1d656c420c0d5f751a5f2668a3438408c422d18e4c4044a80fd3b5f03.png","timeStamp":1659388985110,"screenshotName":"a69b10c1d656c420c0d5f751a5f2668a3438408c422d18e4c4044a80fd3b5f03.png"}],"result":"SUCCESS","precondition":false,"level":2},{"number":19,"description":"Brandon adicionar speaker","duration":13264,"startTime":"2022-08-01T16:23:05.112-05:00[America/Bogota]","result":"SUCCESS","precondition":false,"level":2,"children":[{"number":20,"description":"brandon clicks on speaker","duration":480,"startTime":"2022-08-01T16:23:05.128-05:00[America/Bogota]","screenshots":[{"screenshot":"a69b10c1d656c420c0d5f751a5f2668a3438408c422d18e4c4044a80fd3b5f03.png","timeStamp":1659388985144,"screenshotName":"a69b10c1d656c420c0d5f751a5f2668a3438408c422d18e4c4044a80fd3b5f03.png"},{"screenshot":"c1bb02950fb9aa73d314fbd3503762ebaa492f6ddfd81e81a2425ee91bba80c7.png","timeStamp":1659388985608,"screenshotName":"c1bb02950fb9aa73d314fbd3503762ebaa492f6ddfd81e81a2425ee91bba80c7.png"}],"result":"SUCCESS","precondition":false,"level":3},{"number":21,"description":"brandon clicks on color speaker","duration":537,"startTime":"2022-08-01T16:23:05.611-05:00[America/Bogota]","screenshots":[{"screenshot":"c1bb02950fb9aa73d314fbd3503762ebaa492f6ddfd81e81a2425ee91bba80c7.png","timeStamp":1659388985624,"screenshotName":"c1bb02950fb9aa73d314fbd3503762ebaa492f6ddfd81e81a2425ee91bba80c7.png"},{"screenshot":"22a62f23df46af3a6cc77f1ad1c8132f9fb23cb75a385e084eedb43e85b47ea8.png","timeStamp":1659388986148,"screenshotName":"22a62f23df46af3a6cc77f1ad1c8132f9fb23cb75a385e084eedb43e85b47ea8.png"}],"result":"SUCCESS","precondition":false,"level":3},{"number":22,"description":"brandon clicks on Agregar al carrito","duration":278,"startTime":"2022-08-01T16:23:06.150-05:00[America/Bogota]","screenshots":[{"screenshot":"22a62f23df46af3a6cc77f1ad1c8132f9fb23cb75a385e084eedb43e85b47ea8.png","timeStamp":1659388986164,"screenshotName":"22a62f23df46af3a6cc77f1ad1c8132f9fb23cb75a385e084eedb43e85b47ea8.png"},{"screenshot":"ad2c0458c291abfc0761eed403dc9aed633c045a1016e7027a88a2ce10bc7693.png","timeStamp":1659388986428,"screenshotName":"ad2c0458c291abfc0761eed403dc9aed633c045a1016e7027a88a2ce10bc7693.png"}],"result":"SUCCESS","precondition":false,"level":3}]},{"number":23,"description":"brandon clicks on Inicio","duration":1044,"startTime":"2022-08-01T16:23:18.377-05:00[America/Bogota]","screenshots":[{"screenshot":"a40df774f6a21c6985ae725625d541e6e0712ed229316b0227155e9f956d045e.png","timeStamp":1659388998599,"screenshotName":"a40df774f6a21c6985ae725625d541e6e0712ed229316b0227155e9f956d045e.png"},{"screenshot":"5d2d351f4dc3103d37bacaada245c36d3479873020d888afeed45f72519fa63d.png","timeStamp":1659388999421,"screenshotName":"5d2d351f4dc3103d37bacaada245c36d3479873020d888afeed45f72519fa63d.png"}],"result":"SUCCESS","precondition":false,"level":2},{"number":24,"description":"Brandon adicionar tablet","duration":13280,"startTime":"2022-08-01T16:23:19.422-05:00[America/Bogota]","result":"SUCCESS","precondition":false,"level":2,"children":[{"number":25,"description":"brandon clicks on Tablet","duration":335,"startTime":"2022-08-01T16:23:19.432-05:00[America/Bogota]","screenshots":[{"screenshot":"5d2d351f4dc3103d37bacaada245c36d3479873020d888afeed45f72519fa63d.png","timeStamp":1659388999446,"screenshotName":"5d2d351f4dc3103d37bacaada245c36d3479873020d888afeed45f72519fa63d.png"},{"screenshot":"ad00ef07eed455f430352b60a68ca4fb20dba348291987dded6f81512af2e9bb.png","timeStamp":1659388999767,"screenshotName":"ad00ef07eed455f430352b60a68ca4fb20dba348291987dded6f81512af2e9bb.png"}],"result":"SUCCESS","precondition":false,"level":3},{"number":26,"description":"brandon clicks on Color Tablet","duration":294,"startTime":"2022-08-01T16:23:19.770-05:00[America/Bogota]","screenshots":[{"screenshot":"ad00ef07eed455f430352b60a68ca4fb20dba348291987dded6f81512af2e9bb.png","timeStamp":1659388999780,"screenshotName":"ad00ef07eed455f430352b60a68ca4fb20dba348291987dded6f81512af2e9bb.png"},{"screenshot":"9870a9d8cf8649c5796cc75edd39066da30075263d84adcd0bfd97cd3f2affc9.png","timeStamp":1659389000064,"screenshotName":"9870a9d8cf8649c5796cc75edd39066da30075263d84adcd0bfd97cd3f2affc9.png"}],"result":"SUCCESS","precondition":false,"level":3},{"number":27,"description":"brandon clicks on Agregar al carrito","duration":301,"startTime":"2022-08-01T16:23:20.065-05:00[America/Bogota]","screenshots":[{"screenshot":"9870a9d8cf8649c5796cc75edd39066da30075263d84adcd0bfd97cd3f2affc9.png","timeStamp":1659389000078,"screenshotName":"9870a9d8cf8649c5796cc75edd39066da30075263d84adcd0bfd97cd3f2affc9.png"},{"screenshot":"c78b02a5685891f58cec3c2a5eb74b50611d4408d618d345a091b9606c0b65ad.png","timeStamp":1659389000365,"screenshotName":"c78b02a5685891f58cec3c2a5eb74b50611d4408d618d345a091b9606c0b65ad.png"}],"result":"SUCCESS","precondition":false,"level":3}]},{"number":28,"description":"brandon clicks on Inicio","duration":1072,"startTime":"2022-08-01T16:23:32.704-05:00[America/Bogota]","screenshots":[{"screenshot":"a7f4f53d7d87441d38d4511edb23c5af05b48c31d4dfb82903f82b8bd99bd3c0.png","timeStamp":1659389013001,"screenshotName":"a7f4f53d7d87441d38d4511edb23c5af05b48c31d4dfb82903f82b8bd99bd3c0.png"},{"screenshot":"61d0a7a04592e9e7a02d2dc680a908e604956ac47dcc430afe8750510f9f0afc.png","timeStamp":1659389013776,"screenshotName":"61d0a7a04592e9e7a02d2dc680a908e604956ac47dcc430afe8750510f9f0afc.png"}],"result":"SUCCESS","precondition":false,"level":2},{"number":29,"description":"Brandon adicionar pc","duration":12971,"startTime":"2022-08-01T16:23:33.778-05:00[America/Bogota]","result":"SUCCESS","precondition":false,"level":2,"children":[{"number":30,"description":"brandon clicks on pc","duration":315,"startTime":"2022-08-01T16:23:33.786-05:00[America/Bogota]","screenshots":[{"screenshot":"61d0a7a04592e9e7a02d2dc680a908e604956ac47dcc430afe8750510f9f0afc.png","timeStamp":1659389013797,"screenshotName":"61d0a7a04592e9e7a02d2dc680a908e604956ac47dcc430afe8750510f9f0afc.png"},{"screenshot":"28eab0b0c2524e6e1b971d97535ae1465a15743eaab666f63fb8d73227417359.png","timeStamp":1659389014101,"screenshotName":"28eab0b0c2524e6e1b971d97535ae1465a15743eaab666f63fb8d73227417359.png"}],"result":"SUCCESS","precondition":false,"level":3},{"number":31,"description":"brandon clicks on Agregar al carrito","duration":282,"startTime":"2022-08-01T16:23:34.104-05:00[America/Bogota]","screenshots":[{"screenshot":"28eab0b0c2524e6e1b971d97535ae1465a15743eaab666f63fb8d73227417359.png","timeStamp":1659389014113,"screenshotName":"28eab0b0c2524e6e1b971d97535ae1465a15743eaab666f63fb8d73227417359.png"},{"screenshot":"8b0526d984bffeb51cb2e22a52f5d8961cdc791078cde3225dab534d60fe279f.png","timeStamp":1659389014386,"screenshotName":"8b0526d984bffeb51cb2e22a52f5d8961cdc791078cde3225dab534d60fe279f.png"}],"result":"SUCCESS","precondition":false,"level":3}]}]},{"number":32,"description":"Brandon realizar","duration":8097,"startTime":"2022-08-01T16:23:46.973-05:00[America/Bogota]","screenshots":[{"screenshot":"e1c736df47ae1d95304265ce1d7f1aab92b6c46e3e89419eeb2758508cb1b4cc.png","timeStamp":1659389026982,"screenshotName":"e1c736df47ae1d95304265ce1d7f1aab92b6c46e3e89419eeb2758508cb1b4cc.png"},{"screenshot":"1e68892dc116fd56d06955af1ce8cb06a56dd918522a58299df7aa8454632a49.png","timeStamp":1659389035070,"screenshotName":"1e68892dc116fd56d06955af1ce8cb06a56dd918522a58299df7aa8454632a49.png"}],"result":"SUCCESS","precondition":false,"level":1,"children":[{"number":33,"description":"Brandon pagar","duration":8062,"startTime":"2022-08-01T16:23:46.989-05:00[America/Bogota]","result":"SUCCESS","precondition":false,"level":2,"children":[{"number":34,"description":"brandon clicks on Shopping Cart","duration":529,"startTime":"2022-08-01T16:23:47.064-05:00[America/Bogota]","screenshots":[{"screenshot":"e1c736df47ae1d95304265ce1d7f1aab92b6c46e3e89419eeb2758508cb1b4cc.png","timeStamp":1659389027263,"screenshotName":"e1c736df47ae1d95304265ce1d7f1aab92b6c46e3e89419eeb2758508cb1b4cc.png"},{"screenshot":"b1955bf98ecedd862bd3f9a4380ebfbe8e2a1dc07b20bd066fb177b8bd439585.png","timeStamp":1659389027593,"screenshotName":"b1955bf98ecedd862bd3f9a4380ebfbe8e2a1dc07b20bd066fb177b8bd439585.png"}],"result":"SUCCESS","precondition":false,"level":3},{"number":35,"description":"brandon clicks on pagar","duration":865,"startTime":"2022-08-01T16:23:47.595-05:00[America/Bogota]","screenshots":[{"screenshot":"b1955bf98ecedd862bd3f9a4380ebfbe8e2a1dc07b20bd066fb177b8bd439585.png","timeStamp":1659389027612,"screenshotName":"b1955bf98ecedd862bd3f9a4380ebfbe8e2a1dc07b20bd066fb177b8bd439585.png"},{"screenshot":"60c46cf1c4b5189394db71a0df2b175bf9e95c0f96d7201b2b79c91466db6cca.png","timeStamp":1659389028459,"screenshotName":"60c46cf1c4b5189394db71a0df2b175bf9e95c0f96d7201b2b79c91466db6cca.png"}],"result":"SUCCESS","precondition":false,"level":3},{"number":36,"description":"brandon clicks on boton next para pagar","duration":5587,"startTime":"2022-08-01T16:23:48.461-05:00[America/Bogota]","screenshots":[{"screenshot":"60c46cf1c4b5189394db71a0df2b175bf9e95c0f96d7201b2b79c91466db6cca.png","timeStamp":1659389028475,"screenshotName":"60c46cf1c4b5189394db71a0df2b175bf9e95c0f96d7201b2b79c91466db6cca.png"},{"screenshot":"4efbd1da70f2f881e1ffaa2873a822bf6e956119104fa20cabae642f86a14989.png","timeStamp":1659389034048,"screenshotName":"4efbd1da70f2f881e1ffaa2873a822bf6e956119104fa20cabae642f86a14989.png"}],"result":"SUCCESS","precondition":false,"level":3},{"number":37,"description":"brandon enters \u0027Felipe65\u0027 into Pago seguro usuario para pagar","duration":318,"startTime":"2022-08-01T16:23:54.050-05:00[America/Bogota]","screenshots":[{"screenshot":"4efbd1da70f2f881e1ffaa2873a822bf6e956119104fa20cabae642f86a14989.png","timeStamp":1659389034066,"screenshotName":"4efbd1da70f2f881e1ffaa2873a822bf6e956119104fa20cabae642f86a14989.png"},{"screenshot":"91e5aa6e2a2c44e05a3d2bdc381b7a1f9aabe0c93dd9a2152e81a89268f1f686.png","timeStamp":1659389034368,"screenshotName":"91e5aa6e2a2c44e05a3d2bdc381b7a1f9aabe0c93dd9a2152e81a89268f1f686.png"}],"result":"SUCCESS","precondition":false,"level":3},{"number":38,"description":"brandon enters \u0027Bq12345\u0027 into Pago seguro clave para pagar","duration":342,"startTime":"2022-08-01T16:23:54.369-05:00[America/Bogota]","screenshots":[{"screenshot":"91e5aa6e2a2c44e05a3d2bdc381b7a1f9aabe0c93dd9a2152e81a89268f1f686.png","timeStamp":1659389034383,"screenshotName":"91e5aa6e2a2c44e05a3d2bdc381b7a1f9aabe0c93dd9a2152e81a89268f1f686.png"},{"screenshot":"83370bf7543b40f1ae4691b85390109f317e043953a807e9cf01d229c5f0ec4e.png","timeStamp":1659389034711,"screenshotName":"83370bf7543b40f1ae4691b85390109f317e043953a807e9cf01d229c5f0ec4e.png"}],"result":"SUCCESS","precondition":false,"level":3},{"number":39,"description":"brandon clicks on boton pagar","duration":327,"startTime":"2022-08-01T16:23:54.714-05:00[America/Bogota]","screenshots":[{"screenshot":"83370bf7543b40f1ae4691b85390109f317e043953a807e9cf01d229c5f0ec4e.png","timeStamp":1659389034726,"screenshotName":"83370bf7543b40f1ae4691b85390109f317e043953a807e9cf01d229c5f0ec4e.png"},{"screenshot":"1e68892dc116fd56d06955af1ce8cb06a56dd918522a58299df7aa8454632a49.png","timeStamp":1659389035041,"screenshotName":"1e68892dc116fd56d06955af1ce8cb06a56dd918522a58299df7aa8454632a49.png"}],"result":"SUCCESS","precondition":false,"level":3}]}]}]},{"number":40,"description":"Entonces el verifica que el pago se finalizo con el mensaje \"ORDER PAYMENT\"","duration":232,"startTime":"2022-08-01T16:23:55.249-05:00[America/Bogota]","screenshots":[{"screenshot":"704fabb7225b23dac0410477dd65cd9c6692edba26507c83893b88c623b6946d.png","timeStamp":1659389035481,"screenshotName":"704fabb7225b23dac0410477dd65cd9c6692edba26507c83893b88c623b6946d.png"}],"result":"SUCCESS","precondition":false,"level":0,"children":[{"number":41,"description":"Then pago should be a string containing \u0027ORDER PAYMENT\u0027 ignoring case","duration":198,"startTime":"2022-08-01T16:23:55.265-05:00[America/Bogota]","screenshots":[{"screenshot":"704fabb7225b23dac0410477dd65cd9c6692edba26507c83893b88c623b6946d.png","timeStamp":1659389035463,"screenshotName":"704fabb7225b23dac0410477dd65cd9c6692edba26507c83893b88c623b6946d.png"}],"result":"SUCCESS","precondition":false,"level":1}]}],"userStory":{"id":"verifique-las-funcionalidades-de-la-página-advantage-shopping","storyName":"Verifique las funcionalidades de la página advantage shopping","displayName":"Verifique las funcionalidades de la página advantage shopping","path":"advantage_online_shopping.feature","narrative":"  Yo como usuario funcional del sitio web advantage shopping\n  Quiero que se apliquen las acciones necesarias\n  Para gestionar las funcionalidades: registro de usuario,inicio de sesión de usuario, registro de formulario de contacto y adición de cualquier producto de la sección Speaker del portal.","type":"feature"},"featureTag":{"name":"Verifique las funcionalidades de la página advantage shopping","type":"feature","displayName":"Verifique las funcionalidades de la página advantage shopping"},"title":"Registrarse para realizar una compra con mas de un producto","description":"","tags":[{"name":"e2e","type":"tag","displayName":"e2e"},{"name":"RegistrarseYComprar","type":"tag","displayName":"RegistrarseYComprar"},{"name":"Verifique las funcionalidades de la página advantage shopping","type":"feature","displayName":"Verifique las funcionalidades de la página advantage shopping"}],"startTime":"2022-08-01T16:22:41.105-05:00[America/Bogota]","duration":74377,"projectKey":"","sessionId":"a539bac275ec128c81393beb20dfc116","driver":"chrome:brandon","isManualTestingUpToDate":false,"manual":false,"testSource":"Cucumber","actors":[{"name":"brandon","can":["browse the web"]}],"result":"SUCCESS"}