{"name":"Iniciar sesion","id":"verifique-las-funcionalidades-de-la-página-advantage-shopping;iniciar-sesion","testSteps":[{"number":1,"description":"Dado que \"brandon\" necesita entrar en la pagina de compras online de advantage","duration":11394,"startTime":"2022-08-01T16:22:08.864-05:00[America/Bogota]","screenshots":[{"screenshot":"590d241c78d3c61c63e6260af4f8fd58f3007da95e735f0eebb5bea385222e58.png","timeStamp":1659388940258,"screenshotName":"590d241c78d3c61c63e6260af4f8fd58f3007da95e735f0eebb5bea385222e58.png"}],"result":"SUCCESS","precondition":false,"level":0,"children":[{"number":2,"description":"Brandon iniciar","duration":11361,"startTime":"2022-08-01T16:22:08.884-05:00[America/Bogota]","screenshots":[{"screenshot":"590d241c78d3c61c63e6260af4f8fd58f3007da95e735f0eebb5bea385222e58.png","timeStamp":1659388940245,"screenshotName":"590d241c78d3c61c63e6260af4f8fd58f3007da95e735f0eebb5bea385222e58.png"}],"result":"SUCCESS","precondition":false,"level":1,"children":[{"number":3,"description":"brandon opens the Pagina advantage online shopping","duration":2462,"startTime":"2022-08-01T16:22:08.906-05:00[America/Bogota]","result":"SUCCESS","precondition":false,"level":2},{"number":4,"description":"Brandon wait until angular is ready","duration":17,"startTime":"2022-08-01T16:22:11.370-05:00[America/Bogota]","result":"SUCCESS","precondition":false,"level":2}]}]},{"number":5,"description":"Cuando el introduce los datos necesarios para iniciar la sesion\r\n| user | pass |\r\n| bquevedo | Bq12345 |","duration":3812,"startTime":"2022-08-01T16:22:20.258-05:00[America/Bogota]","screenshots":[{"screenshot":"ef41c166e9782733dfe9aa85e08359ba7668e090f76826519bbd4c911441d818.png","timeStamp":1659388944070,"screenshotName":"ef41c166e9782733dfe9aa85e08359ba7668e090f76826519bbd4c911441d818.png"}],"result":"SUCCESS","precondition":false,"level":0,"children":[{"number":6,"description":"Brandon iniciar sesion","duration":3779,"startTime":"2022-08-01T16:22:20.276-05:00[America/Bogota]","screenshots":[{"screenshot":"ef41c166e9782733dfe9aa85e08359ba7668e090f76826519bbd4c911441d818.png","timeStamp":1659388944055,"screenshotName":"ef41c166e9782733dfe9aa85e08359ba7668e090f76826519bbd4c911441d818.png"}],"result":"SUCCESS","precondition":false,"level":1,"children":[{"number":7,"description":"brandon clicks on menu user","duration":1376,"startTime":"2022-08-01T16:22:20.356-05:00[America/Bogota]","screenshots":[{"screenshot":"2e1351f01d51008aa2edc45098c8df4dd9d66c325787ba30d889a28ea0ce98d8.png","timeStamp":1659388941732,"screenshotName":"2e1351f01d51008aa2edc45098c8df4dd9d66c325787ba30d889a28ea0ce98d8.png"}],"result":"SUCCESS","precondition":false,"level":2},{"number":8,"description":"brandon enters \u0027bquevedo\u0027 into login user name","duration":76,"startTime":"2022-08-01T16:22:21.828-05:00[America/Bogota]","result":"SUCCESS","precondition":false,"level":2},{"number":9,"description":"brandon enters \u0027Bq12345\u0027 into login password","duration":91,"startTime":"2022-08-01T16:22:21.906-05:00[America/Bogota]","result":"SUCCESS","precondition":false,"level":2},{"number":10,"description":"brandon clicks on remenber me","duration":974,"startTime":"2022-08-01T16:22:21.998-05:00[America/Bogota]","screenshots":[{"screenshot":"d1ad6c79aabebeac3e2ba3c4d53b8d38423183fec3bfc7da218b9b9223975546.png","timeStamp":1659388942426,"screenshotName":"d1ad6c79aabebeac3e2ba3c4d53b8d38423183fec3bfc7da218b9b9223975546.png"},{"screenshot":"c061926890bba865e1297db92aab799a92da81f156ef10e626ae7aa0bf2ae926.png","timeStamp":1659388942972,"screenshotName":"c061926890bba865e1297db92aab799a92da81f156ef10e626ae7aa0bf2ae926.png"}],"result":"SUCCESS","precondition":false,"level":2},{"number":11,"description":"brandon clicks on button sign in","duration":984,"startTime":"2022-08-01T16:22:23.052-05:00[America/Bogota]","screenshots":[{"screenshot":"64134deaa7161ac2becd83718e83ede79ccf2d459d095640a46f3fefb914252e.png","timeStamp":1659388943478,"screenshotName":"64134deaa7161ac2becd83718e83ede79ccf2d459d095640a46f3fefb914252e.png"},{"screenshot":"ef41c166e9782733dfe9aa85e08359ba7668e090f76826519bbd4c911441d818.png","timeStamp":1659388944036,"screenshotName":"ef41c166e9782733dfe9aa85e08359ba7668e090f76826519bbd4c911441d818.png"}],"result":"SUCCESS","precondition":false,"level":2}]}]},{"number":12,"description":"Entonces El verifica que ha iniciado la sesion con exito","duration":1822,"startTime":"2022-08-01T16:22:24.070-05:00[America/Bogota]","screenshots":[{"screenshot":"0b9789d5f03fd28179a951f840ec5b579f0369219c26a7a24be394e3196ab1a3.png","timeStamp":1659388945892,"screenshotName":"0b9789d5f03fd28179a951f840ec5b579f0369219c26a7a24be394e3196ab1a3.png"}],"result":"SUCCESS","precondition":false,"level":0,"children":[{"number":13,"description":"Then inicio","duration":1790,"startTime":"2022-08-01T16:22:24.085-05:00[America/Bogota]","screenshots":[{"screenshot":"5a3821f6acded26bbe7ec39693f83e97aba0ddf590992f2c641696c62eb97717.png","timeStamp":1659388944504,"screenshotName":"5a3821f6acded26bbe7ec39693f83e97aba0ddf590992f2c641696c62eb97717.png"},{"screenshot":"0b9789d5f03fd28179a951f840ec5b579f0369219c26a7a24be394e3196ab1a3.png","timeStamp":1659388945875,"screenshotName":"0b9789d5f03fd28179a951f840ec5b579f0369219c26a7a24be394e3196ab1a3.png"}],"result":"SUCCESS","precondition":false,"level":1}]}],"userStory":{"id":"verifique-las-funcionalidades-de-la-página-advantage-shopping","storyName":"Verifique las funcionalidades de la página advantage shopping","displayName":"Verifique las funcionalidades de la página advantage shopping","path":"advantage_online_shopping.feature","narrative":"  Yo como usuario funcional del sitio web advantage shopping\n  Quiero que se apliquen las acciones necesarias\n  Para gestionar las funcionalidades: registro de usuario,inicio de sesión de usuario, registro de formulario de contacto y adición de cualquier producto de la sección Speaker del portal.","type":"feature"},"featureTag":{"name":"Verifique las funcionalidades de la página advantage shopping","type":"feature","displayName":"Verifique las funcionalidades de la página advantage shopping"},"title":"Iniciar sesion","description":"","tags":[{"name":"e2e","type":"tag","displayName":"e2e"},{"name":"Verifique las funcionalidades de la página advantage shopping","type":"feature","displayName":"Verifique las funcionalidades de la página advantage shopping"},{"name":"IniciarSesion","type":"tag","displayName":"IniciarSesion"}],"startTime":"2022-08-01T16:22:08.864-05:00[America/Bogota]","duration":17029,"projectKey":"","sessionId":"a94892f95c562789ebaa836890667059","driver":"chrome:brandon","isManualTestingUpToDate":false,"manual":false,"testSource":"Cucumber","actors":[{"name":"brandon","can":["browse the web"]}],"result":"SUCCESS"}