{"name":"Diligenciar formulario de contacto","id":"verifique-las-funcionalidades-de-la-página-advantage-shopping;diligenciar-formulario-de-contacto","testSteps":[{"number":1,"description":"Dado que \"brandon\" necesita entrar en la pagina advantage onlines hopping para realizar un registro del formulario de contacto","duration":11379,"startTime":"2022-08-01T16:22:26.551-05:00[America/Bogota]","screenshots":[{"screenshot":"590d241c78d3c61c63e6260af4f8fd58f3007da95e735f0eebb5bea385222e58.png","timeStamp":1659388957930,"screenshotName":"590d241c78d3c61c63e6260af4f8fd58f3007da95e735f0eebb5bea385222e58.png"}],"result":"SUCCESS","precondition":false,"level":0,"children":[{"number":2,"description":"Brandon iniciar","duration":11346,"startTime":"2022-08-01T16:22:26.569-05:00[America/Bogota]","screenshots":[{"screenshot":"590d241c78d3c61c63e6260af4f8fd58f3007da95e735f0eebb5bea385222e58.png","timeStamp":1659388957915,"screenshotName":"590d241c78d3c61c63e6260af4f8fd58f3007da95e735f0eebb5bea385222e58.png"}],"result":"SUCCESS","precondition":false,"level":1,"children":[{"number":3,"description":"brandon opens the Pagina advantage online shopping","duration":2538,"startTime":"2022-08-01T16:22:26.569-05:00[America/Bogota]","result":"SUCCESS","precondition":false,"level":2},{"number":4,"description":"Brandon wait until angular is ready","duration":26,"startTime":"2022-08-01T16:22:29.109-05:00[America/Bogota]","result":"SUCCESS","precondition":false,"level":2}]}]},{"number":5,"description":"Cuando El ingresa la informacion necesaria desde el formulario de contacto\r\n| category | product | email | subject |\r\n| Speakers | Bose SoundLink Wireless Speaker | funezneyer@gmail.com | I need more information about the product and payment methods. |","duration":2086,"startTime":"2022-08-01T16:22:37.931-05:00[America/Bogota]","screenshots":[{"screenshot":"15029372f938eff730eba32f09fccb8cba67aad1c736a196baf569cbcab81318.png","timeStamp":1659388960016,"screenshotName":"15029372f938eff730eba32f09fccb8cba67aad1c736a196baf569cbcab81318.png"}],"result":"SUCCESS","precondition":false,"level":0,"children":[{"number":6,"description":"Brandon ingresar","duration":2052,"startTime":"2022-08-01T16:22:37.949-05:00[America/Bogota]","screenshots":[{"screenshot":"15029372f938eff730eba32f09fccb8cba67aad1c736a196baf569cbcab81318.png","timeStamp":1659388960001,"screenshotName":"15029372f938eff730eba32f09fccb8cba67aad1c736a196baf569cbcab81318.png"}],"result":"SUCCESS","precondition":false,"level":1,"children":[{"number":7,"description":"Brandon diligenciar","duration":1969,"startTime":"2022-08-01T16:22:38.012-05:00[America/Bogota]","result":"SUCCESS","precondition":false,"level":2,"children":[{"number":8,"description":"brandon selects Speakers on category List box","duration":200,"startTime":"2022-08-01T16:22:38.108-05:00[America/Bogota]","result":"SUCCESS","precondition":false,"level":3},{"number":9,"description":"brandon selects Bose SoundLink Wireless Speaker on product List box","duration":246,"startTime":"2022-08-01T16:22:38.311-05:00[America/Bogota]","result":"SUCCESS","precondition":false,"level":3},{"number":10,"description":"brandon enters \u0027funezneyer@gmail.com\u0027 into email contact","duration":589,"startTime":"2022-08-01T16:22:38.559-05:00[America/Bogota]","screenshots":[{"screenshot":"415f97dfc327c7a6158a15b8cd342a29e0210d7025afa3c765bcb02e735ff9fd.png","timeStamp":1659388958754,"screenshotName":"415f97dfc327c7a6158a15b8cd342a29e0210d7025afa3c765bcb02e735ff9fd.png"},{"screenshot":"757f2de4c75148f5b326a29a5ae3b1e8bed2aa9cbb37a9f61a80210fc53250ea.png","timeStamp":1659388959148,"screenshotName":"757f2de4c75148f5b326a29a5ae3b1e8bed2aa9cbb37a9f61a80210fc53250ea.png"}],"result":"SUCCESS","precondition":false,"level":3},{"number":11,"description":"brandon enters \u0027I need more information about the product and payment methods.\u0027 into subject contact","duration":180,"startTime":"2022-08-01T16:22:39.152-05:00[America/Bogota]","result":"SUCCESS","precondition":false,"level":3},{"number":12,"description":"brandon clicks on send contact","duration":635,"startTime":"2022-08-01T16:22:39.334-05:00[America/Bogota]","screenshots":[{"screenshot":"e46251690461bfc3fe10d70e0f5c74511a7180c9be4cdcfdc3d273063d972ecc.png","timeStamp":1659388959555,"screenshotName":"e46251690461bfc3fe10d70e0f5c74511a7180c9be4cdcfdc3d273063d972ecc.png"},{"screenshot":"15029372f938eff730eba32f09fccb8cba67aad1c736a196baf569cbcab81318.png","timeStamp":1659388959969,"screenshotName":"15029372f938eff730eba32f09fccb8cba67aad1c736a196baf569cbcab81318.png"}],"result":"SUCCESS","precondition":false,"level":3}]}]}]},{"number":13,"description":"Entonces el verifica que ha enviado correctamente la informacion con el mensaje \"Thank you for contacting Advantage support.\"","duration":460,"startTime":"2022-08-01T16:22:40.017-05:00[America/Bogota]","screenshots":[{"screenshot":"15029372f938eff730eba32f09fccb8cba67aad1c736a196baf569cbcab81318.png","timeStamp":1659388960204,"screenshotName":"15029372f938eff730eba32f09fccb8cba67aad1c736a196baf569cbcab81318.png"}],"result":"SUCCESS","precondition":false,"level":0,"children":[{"number":14,"description":"Then verificar","duration":250,"startTime":"2022-08-01T16:22:40.211-05:00[America/Bogota]","screenshots":[{"screenshot":"15029372f938eff730eba32f09fccb8cba67aad1c736a196baf569cbcab81318.png","timeStamp":1659388960224,"screenshotName":"15029372f938eff730eba32f09fccb8cba67aad1c736a196baf569cbcab81318.png"}],"result":"SUCCESS","precondition":false,"level":1}]}],"userStory":{"id":"verifique-las-funcionalidades-de-la-página-advantage-shopping","storyName":"Verifique las funcionalidades de la página advantage shopping","displayName":"Verifique las funcionalidades de la página advantage shopping","path":"advantage_online_shopping.feature","narrative":"  Yo como usuario funcional del sitio web advantage shopping\n  Quiero que se apliquen las acciones necesarias\n  Para gestionar las funcionalidades: registro de usuario,inicio de sesión de usuario, registro de formulario de contacto y adición de cualquier producto de la sección Speaker del portal.","type":"feature"},"featureTag":{"name":"Verifique las funcionalidades de la página advantage shopping","type":"feature","displayName":"Verifique las funcionalidades de la página advantage shopping"},"title":"Diligenciar formulario de contacto","description":"","tags":[{"name":"e2e","type":"tag","displayName":"e2e"},{"name":"Verifique las funcionalidades de la página advantage shopping","type":"feature","displayName":"Verifique las funcionalidades de la página advantage shopping"},{"name":"Contactanos","type":"tag","displayName":"Contactanos"}],"startTime":"2022-08-01T16:22:26.551-05:00[America/Bogota]","duration":13928,"projectKey":"","sessionId":"ea9471ad26e718bcfec2c235c7b67cb6","driver":"chrome:brandon","isManualTestingUpToDate":false,"manual":false,"testSource":"Cucumber","actors":[{"name":"brandon","can":["browse the web"]}],"result":"SUCCESS"}